{"Semaine": [40.0, 41.0, 42.0, 43.0, 44.0, 45.0, 46.0, 0.0], "stat_distance_km": [766.9000000000001, 612.7, 672.2, 806.9999999999998, 714.8000000000001, 667.2, 670.0, 608.3], "stat_duree_min": [1778.5000000000002, 1434.3000000000002, 1572.6999999999996, 1876.4, 1689.7, 1551.7, 1590.3000000000002, 1409.1], "stat_conso": [26.161428571428576, 25.67928571428572, 24.176428571428577, 24.938571428571432, 25.09428571428571, 23.690714285714282, 24.178571428571434, 24.409285714285716], "stat_part_recuperation": [16.721428571428568, 14.964285714285714, 15.914285714285713, 15.164285714285713, 15.335714285714285, 16.028571428571425, 15.814285714285715, 13.55]}