{"Semaine": [40.0, 41.0, 42.0, 43.0, 44.0, 45.0, 46.0, 0.0], "stat_distance_km": [744.7, 603.8000000000001, 780.5, 749.0999999999999, 682.7, 830.9, 770.6, 682.8000000000001], "stat_duree_min": [1745.2999999999997, 1406.4999999999998, 1821.6999999999998, 1775.1, 1561.2, 1931.7, 1823.1999999999998, 1637.6999999999998], "stat_conso": [27.07571428571428, 26.696428571428573, 22.83642857142857, 26.30071428571429, 26.172142857142855, 24.400000000000002, 24.173571428571428, 22.442857142857147], "stat_part_recuperation": [16.314285714285713, 14.564285714285713, 16.407142857142855, 14.771428571428572, 14.60714285714286, 15.585714285714287, 16.0, 14.764285714285714]}