{"Semaine": [40.0, 41.0, 42.0, 43.0, 44.0, 45.0, 46.0, 0.0], "stat_distance_km": [920.5, 744.1, 882.4000000000001, 668.8, 728.1999999999999, 645.8, 810.4999999999999, 595.5], "stat_duree_min": [2132.7000000000003, 1743.6, 2103.0, 1546.8, 1715.7000000000003, 1498.2, 1874.8, 1386.1], "stat_conso": [26.331428571428575, 24.70428571428571, 25.389285714285716, 24.579999999999995, 23.82785714285714, 24.553571428571427, 25.79, 22.15142857142857], "stat_part_recuperation": [16.514285714285716, 15.549999999999995, 15.221428571428573, 15.37142857142857, 15.935714285714285, 15.47857142857143, 14.785714285714286, 14.678571428571429]}