{"Semaine": [40.0, 41.0, 42.0, 43.0, 44.0, 45.0, 46.0, 47.0], "stat_distance_km": [734.1999999999999, 1394.3, 1485.4, 1506.8, 1533.0999999999997, 1312.6000000000001, 1466.6, 1490.3999999999999], "stat_duree_min": [1710.5, 3219.099999999999, 3470.499999999999, 3443.5000000000005, 3570.1999999999994, 3082.5, 3437.3, 3491.7], "stat_conso": [26.50428571428571, 47.104285714285716, 49.53928571428572, 51.13928571428573, 49.460000000000015, 50.298571428571435, 48.74428571428573, 47.64071428571429], "stat_part_recuperation": [16.52142857142857, 32.028571428571425, 30.728571428571428, 29.842857142857152, 30.807142857142853, 30.414285714285704, 31.257142857142856, 29.821428571428566]}