{"Semaine": [40.0, 41.0, 42.0, 43.0, 44.0, 45.0, 46.0, 47.0], "stat_distance_km": [808.0999999999999, 753.1999999999998, 819.8000000000001, 741.4999999999999, 757.1999999999999, 610.0999999999999, 850.0999999999999, 737.9], "stat_duree_min": [1902.6, 1752.5, 1904.1000000000001, 1703.4, 1777.7, 1434.0, 1945.7, 1717.5], "stat_conso": [25.169999999999998, 24.340714285714288, 24.927142857142858, 24.77214285714286, 25.357142857142858, 25.252142857142854, 24.16857142857143, 25.855], "stat_part_recuperation": [15.135714285714288, 15.564285714285717, 15.385714285714286, 15.349999999999998, 15.007142857142858, 15.221428571428572, 15.478571428571428, 14.864285714285716]}