{"Semaine": [40.0, 41.0, 42.0, 43.0, 44.0, 45.0, 46.0, 0.0], "stat_distance_km": [802.695416744548, 729.4339523328433, 719.3963191984628, 548.4673621526528, 818.4863437475145, 647.6322635721341, 906.317637126354, 782.5433598992421], "stat_duree_min": [1893.6166666666666, 1717.5333333333333, 1673.5666666666666, 1276.8333333333333, 1902.5500000000002, 1489.3666666666666, 2113.9166666666665, 1829.3666666666668], "stat_conso": [26.452934748169703, 26.639661591205847, 24.677717645870977, 24.990524211995268, 24.43211296782703, 25.069186795224322, 23.16571168525459, 21.947383913039385], "stat_part_recuperation": [16.53350261004011, 14.777674478944734, 15.615678545178266, 15.354100906394104, 15.514676599204718, 15.26392122423972, 16.285747718872113, 14.82690477302856]}