{"Semaine": [40.0, 41.0, 42.0, 43.0, 44.0, 45.0, 46.0, 0.0], "stat_distance_km": [754.4373504314341, 746.5443603552687, 890.4589742981376, 640.7737676587323, 839.1619635525585, 686.9629452617576, 832.2270990600898, 682.4043360063278], "stat_duree_min": [1782.4166666666667, 1736.8500000000001, 2095.4166666666665, 1482.6666666666667, 1915.866666666667, 1613.9166666666665, 1926.3166666666664, 1605.8500000000001], "stat_conso": [27.7119716355591, 23.877130762824468, 25.116561249859412, 25.230709317653456, 24.780591604960996, 24.762183833318215, 24.02316874255386, 23.30483751955767], "stat_part_recuperation": [16.227044941876564, 15.765646294048054, 15.141989444407601, 15.047884295523946, 15.194914177528114, 15.516315687430254, 15.81255094995595, 14.343814878571681]}