{"Semaine": [40.0, 41.0, 42.0, 43.0, 44.0, 45.0, 46.0, 0.0], "stat_distance_km": [769.0, 696.0, 695.8, 792.2, 801.5999999999999, 780.8999999999999, 753.4, 676.9999999999999], "stat_duree_min": [1825.2, 1641.3999999999996, 1628.4, 1891.9, 1834.3, 1806.4000000000003, 1736.8, 1580.3000000000002], "stat_conso": [25.907142857142855, 24.76357142857143, 23.412857142857145, 25.328571428571426, 23.60571428571428, 24.326428571428572, 24.467142857142854, 23.047857142857143], "stat_part_recuperation": [16.942857142857143, 15.592857142857143, 16.192857142857143, 15.271428571428572, 15.714285714285714, 15.557142857142855, 15.407142857142858, 14.285714285714286]}