{"Semaine": [40.0, 41.0, 42.0, 43.0, 44.0, 45.0, 46.0, 0.0], "stat_distance_km": [842.788293565286, 732.6091364810294, 549.2683173854601, 886.6208758444565, 759.4504988462675, 768.2815267145166, 640.9022052362824, 781.8914074835972], "stat_duree_min": [1965.6999999999996, 1743.7166666666667, 1297.3333333333333, 2095.0, 1759.0166666666669, 1791.7833333333335, 1485.3500000000001, 1833.4833333333331], "stat_conso": [26.316680692173264, 24.744064440273778, 24.521074271283148, 23.354013667438654, 26.024921600998187, 25.523057636300745, 25.892086677942114, 22.946251806870595], "stat_part_recuperation": [16.53346743011062, 15.440409381315533, 15.839352535925942, 16.44150528835969, 14.886246088066049, 15.300528197554259, 14.921044518034702, 14.496296317018317]}