{"Semaine": [40.0, 41.0, 42.0, 43.0, 44.0, 45.0, 46.0, 0.0], "stat_distance_km": [773.6, 764.0, 636.8000000000001, 584.3, 813.6999999999999, 772.4000000000001, 806.9000000000001, 834.5000000000001], "stat_duree_min": [1846.5, 1778.6999999999996, 1494.1, 1342.2, 1905.0, 1792.3, 1902.1, 1962.9], "stat_conso": [26.779285714285717, 24.04357142857143, 24.404999999999998, 25.452857142857145, 23.317857142857143, 25.047142857142862, 23.764285714285712, 24.56642857142857], "stat_part_recuperation": [16.47142857142857, 15.707142857142856, 15.707142857142856, 14.914285714285715, 16.249999999999996, 15.099999999999998, 15.921428571428573, 13.450000000000001]}