{"Semaine": [40.0, 41.0, 42.0, 43.0, 44.0, 45.0, 46.0, 0.0], "stat_distance_km": [770.3999999999999, 703.0, 517.1, 610.3999999999999, 785.9000000000001, 540.1, 685.8, 630.0], "stat_duree_min": [1778.9999999999998, 1653.9, 1196.8, 1425.7, 1800.7, 1250.8, 1582.7000000000003, 1449.7], "stat_conso": [27.080714285714286, 24.850714285714286, 27.523571428571426, 26.57642857142858, 23.592142857142857, 26.783571428571435, 23.539285714285715, 23.733571428571423], "stat_part_recuperation": [16.185714285714287, 15.492857142857144, 14.05, 14.349999999999998, 15.664285714285715, 14.314285714285715, 15.907142857142858, 13.814285714285713]}