{"Semaine": [40.0, 41.0, 42.0, 43.0, 44.0, 45.0, 46.0, 47.0], "stat_distance_km": [715.5, 701.6, 770.9000000000001, 763.4, 765.9000000000001, 738.2, 683.5, 685.1999999999999], "stat_duree_min": [1656.4999999999998, 1603.1999999999998, 1788.6, 1721.0000000000002, 1776.9999999999998, 1743.1999999999998, 1584.5, 1621.3999999999999], "stat_conso": [23.412857142857145, 23.76857142857143, 24.44571428571428, 26.034285714285716, 25.048571428571424, 23.64142857142857, 25.467142857142857, 24.81642857142857], "stat_part_recuperation": [16.042857142857144, 15.757142857142856, 15.442857142857141, 14.528571428571428, 15.092857142857142, 16.02142857142857, 14.950000000000001, 15.528571428571428]}