{"Semaine": [40.0, 41.0, 42.0, 43.0, 44.0, 45.0, 46.0, 47.0], "stat_distance_km": [790.7395555965754, 749.3678086920247, 727.546949121578, 793.2798013105969, 676.4878464609405, 702.955063975491, 661.0589592355421, 771.9296074843742], "stat_duree_min": [1835.3333333333335, 1781.6666666666667, 1684.5666666666668, 1835.2333333333333, 1574.8, 1669.1000000000001, 1569.8166666666666, 1792.2166666666662], "stat_conso": [24.46124238014757, 24.22426651932073, 24.270134379762997, 23.812365588427713, 25.401500078480296, 25.703474839658877, 24.662003575567812, 24.27481685466745], "stat_part_recuperation": [15.547741892589928, 15.824510220826088, 15.762261402189512, 15.729078672695943, 15.215131639961573, 15.00872993895785, 15.517195525336342, 15.688061705663307]}