{
    "Semaine": [
        40.0,
        41.0,
        42.0,
        43.0,
        44.0,
        45.0,
        46.0,
        0.0
    ],
    "stat_distance_km": [
        774.0077843948468,
        695.8808413769797,
        637.994581422985,
        780.0742766340811,
        771.6990619064183,
        716.0445151592799,
        626.6259867806011,
        696.0465736238448
    ],
    "stat_duree_min": [
        1805.7666666666664,
        1648.4666666666667,
        1514.1333333333334,
        1816.066666666667,
        1843.7666666666667,
        1683.716666666667,
        1487.4666666666667,
        1652.5500000000002
    ],
    "stat_conso": [
        24.51106656253348,
        23.806663311082556,
        23.25612274183757,
        23.545747462268587,
        24.14337227833932,
        24.623573765906666,
        22.73549744977604,
        21.629809484089435
    ],
    "stat_part_recuperation": [
        17.648501352009614,
        16.037228040238173,
        16.46883216683235,
        15.961692805735177,
        16.096883300498607,
        15.682517218634471,
        16.68305676356252,
        15.223167593905979
    ]
}