{
    "Semaine": [
        40.0,
        41.0,
        42.0,
        43.0,
        44.0,
        45.0,
        46.0,
        0.0
    ],
    "stat_distance_km": [
        668.3942181268804,
        659.4409447795096,
        861.3905368988962,
        738.0458888458011,
        728.4538188817295,
        745.3888103934545,
        712.4491888115793,
        599.2171526426873
    ],
    "stat_duree_min": [
        1586.1499999999999,
        1572.5666666666664,
        2032.8666666666666,
        1750.5000000000005,
        1749.1000000000001,
        1770.6166666666668,
        1665.4333333333332,
        1415.0333333333333
    ],
    "stat_conso": [
        24.821908331188585,
        23.222672710555067,
        22.047463310206638,
        24.31953363907777,
        23.299026950601352,
        23.784621875947057,
        23.895485282820935,
        21.716651842329828
    ],
    "stat_part_recuperation": [
        17.531985751191367,
        16.51069948477546,
        17.10783852663479,
        15.893670304460821,
        16.499361130441457,
        16.171400651657425,
        15.917794119965958,
        15.085958620239197
    ]
}