{"Semaine": [40.0, 41.0, 42.0, 43.0, 44.0, 45.0, 46.0, 0.0], "stat_distance_km": [805.8000000000001, 690.1999999999999, 665.5999999999999, 730.3, 810.0000000000001, 860.2, 895.1, 655.6999999999999], "stat_duree_min": [1883.7999999999997, 1591.6999999999998, 1550.2000000000003, 1684.8, 1883.2, 2001.2000000000003, 2104.2000000000003, 1536.3999999999999], "stat_conso": [26.332142857142856, 24.287857142857142, 25.962142857142858, 25.411428571428576, 24.925000000000004, 21.82428571428571, 24.921428571428567, 23.282142857142862], "stat_part_recuperation": [16.578571428571426, 15.635714285714286, 14.771428571428569, 15.078571428571427, 15.328571428571426, 17.028571428571432, 15.514285714285716, 14.157142857142858]}