{
    "Semaine": [
        40.0,
        41.0,
        42.0,
        43.0,
        44.0,
        45.0,
        46.0,
        0.0
    ],
    "stat_distance_km": [
        794.9029839888358,
        803.1076466756091,
        738.4614499450769,
        656.9004293148128,
        895.6915780341842,
        823.6903803082067,
        629.1020065851305,
        594.2095107833705
    ],
    "stat_duree_min": [
        1890.5833333333328,
        1891.3666666666668,
        1741.4333333333336,
        1562.1000000000001,
        2106.7000000000003,
        1976.4,
        1475.8999999999999,
        1406.05
    ],
    "stat_conso": [
        24.253445040371947,
        22.49701611882438,
        23.35901955736725,
        22.50417865387515,
        22.449179692480435,
        23.514207754336763,
        23.637253022518014,
        22.273878230426977
    ],
    "stat_part_recuperation": [
        18.027292866252242,
        16.829716125216237,
        16.175626986343676,
        16.881233611523434,
        16.620239955314506,
        16.406916723755263,
        16.033224878399,
        14.636147417256819
    ]
}