{"Semaine": [40.0, 41.0, 42.0, 43.0, 44.0, 45.0, 46.0, 0.0], "stat_distance_km": [688.9149489451851, 803.4717832042152, 895.4800477760662, 612.3981492927662, 665.9725975958706, 727.4163879387307, 809.9410344472603, 687.1740273036365], "stat_duree_min": [1630.3833333333332, 1875.033333333333, 2077.5333333333333, 1417.3, 1528.3333333333335, 1697.4166666666665, 1867.466666666667, 1604.35], "stat_conso": [26.12593650196096, 24.702932181273134, 23.04347170622887, 26.31455259875778, 24.858119360987065, 24.351125628866082, 23.480157944336128, 21.675268250208887], "stat_part_recuperation": [16.974308137899722, 15.626817087619397, 16.315555293951924, 14.856381945087806, 15.243899881030577, 15.669564186632185, 16.22415160628458, 15.108201827161178]}