{
    "Semaine": [
        40.0,
        41.0,
        42.0,
        43.0,
        44.0,
        45.0,
        46.0,
        47.0
    ],
    "stat_distance_km": [
        764.1796967201024,
        815.8494051361195,
        873.3946916574075,
        706.9430259800379,
        606.4783696903185,
        739.867639592799,
        801.6392709522845,
        693.3987561201517
    ],
    "stat_duree_min": [
        1817.0833333333333,
        1947.9333333333332,
        2066.95,
        1665.1666666666667,
        1431.75,
        1769.5166666666667,
        1891.7166666666667,
        1629.2
    ],
    "stat_conso": [
        22.447195342200406,
        23.57017833730952,
        23.38843206094569,
        23.687987039059415,
        22.795388662607373,
        23.27520394126821,
        22.939577796200712,
        23.173159548523753
    ],
    "stat_part_recuperation": [
        16.891542271624793,
        16.228644669692635,
        16.17204786679161,
        16.061094636808956,
        16.651074029739647,
        16.36891274755593,
        16.599328027431998,
        16.29616128060508
    ]
}