{
    "Semaine": [
        40.0,
        41.0,
        42.0,
        43.0,
        44.0,
        45.0,
        46.0,
        0.0
    ],
    "stat_distance_km": [
        827.9881642736495,
        815.695923724266,
        873.6149032074724,
        676.7964672079677,
        674.887651109255,
        673.5962486226708,
        691.860926098454,
        722.0071575950232
    ],
    "stat_duree_min": [
        1979.666666666667,
        1948.65,
        2070.7333333333336,
        1593.4333333333336,
        1615.2833333333333,
        1606.2333333333331,
        1624.216666666667,
        1693.4166666666667
    ],
    "stat_conso": [
        24.23103811072136,
        22.525825553239283,
        22.392615294180725,
        22.67787865015691,
        23.42787214555687,
        22.57130454597976,
        23.042918815171117,
        21.600496204294213
    ],
    "stat_part_recuperation": [
        18.013963098443828,
        16.955957538038962,
        16.989801916234416,
        16.662167088730225,
        16.42397371813348,
        16.93229345311935,
        16.52421436705593,
        14.988385363293148
    ]
}